Official name of position,internal disk name,internal naming per Disk,Module,flex cable,HubID,PC position phi,PC position Mirror,PC port,PC identifier,PC name,DCDC,DCDC J11/J12,DCDC channel,DCDC name,Filterboard DCS,Filterboard module power,POH board,POH Bundle,POH SN,DOH bundle,DOH QR,DOH A/B,CCU,channel,PP0 Adapter/FED,PP0 Ad.Slot/FED,PP0 Adapter/FEC,PP0 Ad.Slot/FEC,internal POH no,POH fiber color,FED channel,FED position,FED receiver,FED ID,FEC/FED crate,FEC ID,FEC position,mfec,mfecchannel,HV group,nominal HV
FPix_BmO_D1_BLD11_PNL2_RNG1,HC2-Disk1-Inner,1T,M-Q-4-23,4119W,15,1Ta,1TD,6,PR113,,PB-16,J12,4,,,CI-A 036,P88,22,SN133278/0001,15,30201210004615,A,0x7b,0x10,-z down right 3,1,-z down right 2,2,1,brown-4,31/32,7,b,1307,bottom,,10,1,1,1a1,
FPix_BmO_D1_BLD10_PNL2_RNG1,,2T,M-Q-4-16,4117W,14,1Ta,1TD,4,PR113,,PB-16,J12,4,,,CI-A 036,P88,21,SN133278/0002,15,30201210004615,A,0x7b,0x10,-z down right 3,2,-z down right 2,2,2,brown-4,7/8,7,t,1307,bottom,,10,1,1,1a1,
FPix_BmO_D1_BLD9_PNL2_RNG1,,3T,M-Q-1-09,4121W,13,1Ta,1TD,2,PR113,,PB-16,J12,4,,,CI-A 036,P88,20,SN133278/0003,15,30201210004615,A,0x7b,0x10,-z down right 3,3,-z down right 2,2,3,brown-4,31/32,6,b,1306,bottom,,10,1,1,1a1,
FPix_BmO_D1_BLD8_PNL2_RNG1,,4T,M-K-3-27,4118W,15,1Tb,1TC,6,PR149,,PB-4,J12,4,,,CI-A 027,FP26,18,SN133278/0005,15,30201210004615,B,0x7c,0x10,-z down right 4,1,-z down right 2,2,5,orange-2,27/28,5,b,1305,bottom,,10,1,2,1b1,
FPix_BmO_D1_BLD7_PNL2_RNG1,,5T,M-Q-7-35,4092,14,1Tb,1TC,2,PR149,,PB-4,J12,4,,,CI-A 027,FP26,16,SN133278/0007,15,30201210004615,B,0x7c,0x10,-z down right 4,3,-z down right 2,2,7,orange-2,27/28,4,b,1304,bottom,,10,1,2,1b1,
FPix_BmO_D1_BLD6_PNL2_RNG1,,6T,M-Q-3-15,4091,15,1Tc,1TB,6,PR126,,PB-21,J12,4,,,CI-A 035,P87,11,SN133278/0008,9,30201210004662,A,0x7e,0x10,-z up right 4,3,-z up right 2,2,8,brown-4,7/8,4,t,1304,bottom,,9,1,1,1c1,
FPix_BmO_D1_BLD5_PNL2_RNG1,,7T,M-Q-7-27,4102W,14,1Tc,1TB,4,PR126,,PB-21,J12,4,,,CI-A 035,P87,10,SN133278/0009,9,30201210004662,A,0x7e,0x10,-z up right 4,2,-z up right 2,2,9,brown-4,31/32,3,b,1303,bottom,,9,1,1,1c1,
FPix_BmO_D1_BLD4_PNL2_RNG1,,8T,M-Q-A-39,4093,13,1Tc,1TB,2,PR126,,PB-21,J12,4,,,CI-A 035,P87,5,SN133278/0010,9,30201210004662,A,0x7e,0x10,-z up right 4,1,-z up right 2,2,10,brown-4,7/8,3,t,1303,bottom,,9,1,1,1c1,
FPix_BmO_D1_BLD3_PNL2_RNG1,,9T,M-L-2-25,4101W,15,1Td,1TA,6,PR156,,PB-31,J12,4,,,CI-A 033,FP24,3,SN122498/0033,9,30201210004662,B,0x7d,0x10,-z up right 3,3,-z up right 2,2,12,orange-2,3/4,2,t,1302,bottom,,9,1,2,1d1,
FPix_BmO_D1_BLD2_PNL2_RNG1,,10T,M-Q-A-46,4094,14,1Td,1TA,4,PR156,,PB-31,J12,4,,,CI-A 033,FP24,2,SN122498/0049,9,30201210004662,B,0x7d,0x10,-z up right 3,2,-z up right 2,2,13,orange-2,27/28,1,b,1301,bottom,,9,1,2,1d1,
FPix_BmO_D1_BLD1_PNL2_RNG1,,11T,M-H-1-06,4086,13,1Td,1TA,2,PR156,,PB-31,J12,4,,,CI-A 033,FP24,1,SN122498/0055,9,30201210004662,B,0x7d,0x10,-z up right 3,1,-z up right 2,2,14,orange-2,3/4,1,t,1301,bottom,,9,1,2,1d1,
FPix_BmO_D1_BLD11_PNL1_RNG1,,1B,M-Q-A-40,4099W,12,1Ba,1BD,6,PR020,,PB-16,J11,2,,,CI-A 036,FP25,22,SN133278/0001,15,30201210004615,A,0x7b,0x10,-z down right 3,1,-z down right 2,2,1,green-3,29/30,7,b,1307,bottom,,10,1,1,1a1,
FPix_BmO_D1_BLD10_PNL1_RNG1,,2B,M-Q-A-43,4098W,11,1Ba,1BD,4,PR020,,PB-16,J11,2,,,CI-A 036,FP25,21,SN133278/0002,15,30201210004615,A,0x7b,0x10,-z down right 3,2,-z down right 2,2,2,green-3,5/6,7,t,1307,bottom,,10,1,1,1a1,
FPix_BmO_D1_BLD9_PNL1_RNG1,,3B,M-K-2-38,4098B,10,1Ba,1BD,2,PR020,,PB-16,J11,2,,,CI-A 036,FP25,20,SN133278/0003,15,30201210004615,A,0x7b,0x10,-z down right 3,3,-z down right 2,2,3,green-3,29/30,6,b,1306,bottom,,10,1,1,1a1,
FPix_BmO_D1_BLD8_PNL1_RNG1,,4B,M-Q-3-44,4097W,13,1Bb,1BC,6,PR049,,PB-4,J11,2,,,CI-A 027,PP6,18,SN133278/0005,15,30201210004615,B,0x7c,0x10,-z down right 4,1,-z down right 2,2,5,blue-1,25/26,5,b,1305,bottom,,10,1,2,1b1,
FPix_BmO_D1_BLD7_PNL1_RNG1,,5B,M-Q-1-33,4096W,12,1Bb,1BC,2,PR049,,PB-4,J11,2,,,CI-A 027,PP6,16,SN133278/0007,15,30201210004615,B,0x7c,0x10,-z down right 4,3,-z down right 2,2,7,blue-1,25/26,4,b,1304,bottom,,10,1,2,1b1,
FPix_BmO_D1_BLD6_PNL1_RNG1,,6B,M-Y-J-NK,4095W,12,1Bc,1BB,6,PR007,,PB-21,J11,2,,,CI-A 035,FP27,11,SN133278/0008,9,30201210004662,A,0x7e,0x10,-z up right 4,3,-z up right 2,2,8,green-3,5/6,4,t,1304,bottom,,9,1,1,1c1,
FPix_BmO_D1_BLD5_PNL1_RNG1,,7B,M-Q-1-24,4087,11,1Bc,1BB,4,PR007,,PB-21,J11,2,,,CI-A 035,FP27,10,SN133278/0009,9,30201210004662,A,0x7e,0x10,-z up right 4,2,-z up right 2,2,9,green-3,29/30,3,b,1303,bottom,,9,1,1,1c1,
FPix_BmO_D1_BLD4_PNL1_RNG1,,8B,M-F-1-22,4095B,10,1Bc,1BB,2,PR007,,PB-21,J11,2,,,CI-A 035,FP27,5,SN133278/0010,9,30201210004662,A,0x7e,0x10,-z up right 4,1,-z up right 2,2,10,green-3,5/6,3,t,1303,bottom,,9,1,1,1c1,
FPix_BmO_D1_BLD3_PNL1_RNG1,,9B,M-K-3-39,6148,12,1Bd,1BA,6,PR056,,PB-31,J11,2,,,CI-A 033,PP8,3,SN122498/0033,9,30201210004662,B,0x7d,0x10,-z up right 3,3,-z up right 2,2,12,blue-1,1/2,2,t,1302,bottom,,9,1,2,1d1,
FPix_BmO_D1_BLD2_PNL1_RNG1,,10B,M-Q-2-32,4088,11,1Bd,1BA,4,PR056,,PB-31,J11,2,,,CI-A 033,PP8,2,SN122498/0049,9,30201210004662,B,0x7d,0x10,-z up right 3,2,-z up right 2,2,13,blue-1,25/26,1,b,1301,bottom,,9,1,2,1d1,
FPix_BmO_D1_BLD1_PNL1_RNG1,,11B,M-Q-1-13,4089,10,1Bd,1BA,2,PR056,,PB-31,J11,2,,,CI-A 033,PP8,1,SN122498/0055,9,30201210004662,B,0x7d,0x10,-z up right 3,1,-z up right 2,2,14,blue-1,1/2,1,t,1301,bottom,,9,1,2,1d1,
FPix_BmO_D1_BLD17_PNL2_RNG2,HC2-Disk1-Outer,1T,M-Q-7-24,4128W,9,1Ta,1TD,7,PR113,,PB-16,J12,3,,,CI-A 036,P88,22,SN133278/0001,15,30201210004615,A,0x7b,0x10,-z down right 3,1,-z down right 2,2,1,orange-2,27/28,7,b,1307,bottom,,10,1,1,1a2,
FPix_BmO_D1_BLD16_PNL2_RNG2,,2T,M-Y-Q-NV,4122W,8,1Ta,1TD,5,PR113,,PB-16,J12,3,,,CI-A 036,P88,21,SN133278/0002,15,30201210004615,A,0x7b,0x10,-z down right 3,2,-z down right 2,2,2,orange-2,3/4,7,t,1307,bottom,,10,1,1,1a2,
FPix_BmO_D1_BLD15_PNL2_RNG2,,3T,M-Q-5-28,4014,7,1Ta,1TD,3,PR113,,PB-16,J12,3,,,CI-A 036,P88,20,SN133278/0003,15,30201210004615,A,0x7b,0x10,-z down right 3,3,-z down right 2,2,3,orange-2,27/28,6,b,1306,bottom,,10,1,1,1a2,
FPix_BmO_D1_BLD14_PNL2_RNG2,,4T,M-Q-A-25,4031W,6,1Ta,1TD,1,PR113,,PB-16,J12,3,,,CI-A 036,P88,19,SN133278/0004,15,30201210004615,A,0x7b,0x10,-z down right 3,4,-z down right 2,2,4,orange-2,3/4,6,t,1306,bottom,,10,1,1,1a2,
FPix_BmO_D1_BLD13_PNL2_RNG2,,5T,M-Q-7-41,4129W,11,1Tb,1TC,7,PR149,,PB-4,J12,3,,,CI-A 027,FP26,19,SN133278/0004,15,30201210004615,B,0x7c,0x10,-z down right 3,4,-z down right 2,2,4,brown-4,7/8,6,t,1306,bottom,,10,1,2,1b2,
FPix_BmO_D1_BLD12_PNL2_RNG2,,6T,M-I-4-44,4011,10,1Tb,1TC,5,PR149,,PB-4,J12,3,,,CI-A 027,FP26,18,SN133278/0005,15,30201210004615,B,0x7c,0x10,-z down right 4,1,-z down right 2,2,5,brown-4,31/32,5,b,1305,bottom,,10,1,2,1b2,
FPix_BmO_D1_BLD11_PNL2_RNG2,,7T,M-Q-A-30,4124W,9,1Tb,1TC,4,PR149,,PB-4,J12,4,,,CI-A 027,FP26,17,SN133278/0006,15,30201210004615,B,0x7c,0x10,-z down right 4,2,-z down right 2,2,6,orange-2,3/4,5,t,1305,bottom,,10,1,2,1b2,
FPix_BmO_D1_BLD10_PNL2_RNG2,,8T,M-Q-1-49,4015,8,1Tb,1TC,3,PR149,,PB-4,J12,3,,,CI-A 027,FP26,17,SN133278/0006,15,30201210004615,B,0x7c,0x10,-z down right 4,2,-z down right 2,2,6,brown-4,7/8,5,t,1305,bottom,,10,1,2,1b2,
FPix_BmO_D1_BLD9_PNL2_RNG2,,9T,M-Q-9-33,4020,7,1Tb,1TC,1,PR149,,PB-4,J12,3,,,CI-A 027,FP26,16,SN133278/0007,15,30201210004615,B,0x7c,0x10,-z down right 4,3,-z down right 2,2,7,brown-4,31/32,4,b,1304,bottom,,10,1,2,1b2,
FPix_BmO_D1_BLD8_PNL2_RNG2,,10T,M-Q-6-22,4012,9,1Tc,1TB,7,PR126,,PB-21,J12,3,,,CI-A 035,P87,11,SN133278/0008,9,30201210004662,A,0x7e,0x10,-z up right 4,3,-z up right 2,2,8,orange-2,3/4,4,t,1304,bottom,,9,1,1,1c2,
FPix_BmO_D1_BLD7_PNL2_RNG2,,11T,M-Q-7-44,4062,8,1Tc,1TB,5,PR126,,PB-21,J12,3,,,CI-A 035,P87,10,SN133278/0009,9,30201210004662,A,0x7e,0x10,-z up right 4,2,-z up right 2,2,9,orange-2,27/28,3,b,1303,bottom,,9,1,1,1c2,
FPix_BmO_D1_BLD6_PNL2_RNG2,,12T,M-O-1-04,4377,7,1Tc,1TB,3,PR126,,PB-21,J12,3,,,CI-A 035,P87,5,SN133278/0010,9,30201210004662,A,0x7e,0x10,-z up right 4,1,-z up right 2,2,10,orange-2,3/4,3,t,1303,bottom,,9,1,1,1c2,
FPix_BmO_D1_BLD5_PNL2_RNG2,,13T,M-Q-2-26,4123W,6,1Tc,1TB,1,PR126,,PB-21,J12,3,,,CI-A 035,P87,4,SN122498/0032,9,30201210004662,A,0x7e,0x10,-z up right 3,4,-z up right 2,2,11,orange-2,27/28,2,b,1302,bottom,,9,1,1,1c2,
FPix_BmO_D1_BLD4_PNL2_RNG2,,14T,M-B-7-22,4010,1,1Td,1TA,7,PR156,,PB-31,J12,3,,,CI-A 033,FP24,4,SN122498/0032,9,30201210004662,B,0x7d,0x10,-z up right 3,4,-z up right 2,2,11,brown-4,31/32,2,b,1302,bottom,,9,1,2,1d2,
FPix_BmO_D1_BLD3_PNL2_RNG2,,15T,M-Q-A-08,4110W,8,1Td,1TA,5,PR156,,PB-31,J12,3,,,CI-A 033,FP24,3,SN122498/0033,9,30201210004662,B,0x7d,0x10,-z up right 3,3,-z up right 2,2,12,brown-4,7/8,2,t,1302,bottom,,9,1,2,1d2,
FPix_BmO_D1_BLD2_PNL2_RNG2,,16T,M-Q-3-41,4021,7,1Td,1TA,3,PR156,,PB-31,J12,3,,,CI-A 033,FP24,2,SN122498/0049,9,30201210004662,B,0x7d,0x10,-z up right 3,2,-z up right 2,2,13,brown-4,31/32,1,b,1301,bottom,,9,1,2,1d2,
FPix_BmO_D1_BLD1_PNL2_RNG2,,17T,M-Q-3-09,4013,6,1Td,1TA,1,PR156,,PB-31,J12,3,,,CI-A 033,FP24,1,SN122498/0055,9,30201210004662,B,0x7d,0x10,-z up right 3,1,-z up right 2,2,14,brown-4,7/8,1,t,1301,bottom,,9,1,2,1d2,
FPix_BmO_D1_BLD17_PNL1_RNG2,,1B,M-Y-P-NW,4381,5,1Ba,1BD,7,PR020,,PB-16,J11,1,,,CI-A 036,FP25,22,SN133278/0001,15,30201210004615,A,0x7b,0x10,-z down right 3,1,-z down right 2,2,1,blue-1,25/26,7,b,1307,bottom,,10,1,1,1a2,
FPix_BmO_D1_BLD16_PNL1_RNG2,,2B,M-P-2-32,4373,4,1Ba,1BD,5,PR020,,PB-16,J11,1,,,CI-A 036,FP25,21,SN133278/0002,15,30201210004615,A,0x7b,0x10,-z down right 3,2,-z down right 2,2,2,blue-1,1/2,7,t,1307,bottom,,10,1,1,1a2,
FPix_BmO_D1_BLD15_PNL1_RNG2,,3B,M-Q-2-35,4109W,3,1Ba,1BD,3,PR020,,PB-16,J11,1,,,CI-A 036,FP25,20,SN133278/0003,15,30201210004615,A,0x7b,0x10,-z down right 3,3,-z down right 2,2,3,blue-1,25/26,6,b,1306,bottom,,10,1,1,1a2,
FPix_BmO_D1_BLD14_PNL1_RNG2,,4B,M-N-3-25,4017,2,1Ba,1BD,1,PR020,,PB-16,J11,1,,,CI-A 036,FP25,19,SN133278/0004,15,30201210004615,A,0x7b,0x10,-z down right 3,4,-z down right 2,2,4,blue-1,1/2,6,t,1306,bottom,,10,1,1,1a2,
FPix_BmO_D1_BLD13_PNL1_RNG2,,5B,M-Q-1-14,4114W,6,1Bb,1BC,7,PR049,,PB-4,J11,1,,,CI-A 027,PP6,19,SN133278/0004,15,30201210004615,B,0x7c,0x10,-z down right 3,4,-z down right 2,2,4,green-3,5/6,6,t,1306,bottom,,10,1,2,1b2,
FPix_BmO_D1_BLD12_PNL1_RNG2,,6B,M-K-1-17,4372,5,1Bb,1BC,5,PR049,,PB-4,J11,1,,,CI-A 027,PP6,18,SN133278/0005,15,30201210004615,B,0x7c,0x10,-z down right 4,1,-z down right 2,2,5,green-3,29/30,5,b,1305,bottom,,10,1,2,1b2,
FPix_BmO_D1_BLD11_PNL1_RNG2,,7B,M-Q-3-23,4383,4,1Bb,1BC,4,PR049,,PB-4,J11,2,,,CI-A 027,PP6,17,SN133278/0006,15,30201210004615,B,0x7c,0x10,-z down right 4,2,-z down right 2,2,6,blue-1,1/2,5,t,1305,bottom,,10,1,2,1b2,
FPix_BmO_D1_BLD10_PNL1_RNG2,,8B,M-Q-3-33,4374,3,1Bb,1BC,3,PR049,,PB-4,J11,1,,,CI-A 027,PP6,17,SN133278/0006,15,30201210004615,B,0x7c,0x10,-z down right 4,2,-z down right 2,2,6,green-3,5/6,5,t,1305,bottom,,10,1,2,1b2,
FPix_BmO_D1_BLD9_PNL1_RNG2,,9B,M-Q-6-50,4111W,2,1Bb,1BC,1,PR049,,PB-4,J11,1,,,CI-A 027,PP6,16,SN133278/0007,15,30201210004615,B,0x7c,0x10,-z down right 4,3,-z down right 2,2,7,green-3,29/30,4,b,1304,bottom,,10,1,2,1b2,
FPix_BmO_D1_BLD8_PNL1_RNG2,,10B,M-Q-9-23,4108W,5,1Bc,1BB,7,PR007,,PB-21,J11,1,,,CI-A 035,FP27,11,SN133278/0008,9,30201210004662,A,0x7e,0x10,-z up right 4,3,-z up right 2,2,8,blue-1,1/2,4,t,1304,bottom,,9,1,1,1c2,
FPix_BmO_D1_BLD7_PNL1_RNG2,,11B,M-Q-1-01,4376,4,1Bc,1BB,5,PR007,,PB-21,J11,1,,,CI-A 035,FP27,10,SN133278/0009,9,30201210004662,A,0x7e,0x10,-z up right 4,2,-z up right 2,2,9,blue-1,25/26,3,b,1303,bottom,,9,1,1,1c2,
FPix_BmO_D1_BLD6_PNL1_RNG2,,12B,M-Q-1-06,4106W,3,1Bc,1BB,3,PR007,,PB-21,J11,1,,,CI-A 035,FP27,5,SN133278/0010,9,30201210004662,A,0x7e,0x10,-z up right 4,1,-z up right 2,2,10,blue-1,1/2,3,t,1303,bottom,,9,1,1,1c2,
FPix_BmO_D1_BLD5_PNL1_RNG2,,13B,M-Y-H-NV,4375,2,1Bc,1BB,1,PR007,,PB-21,J11,1,,,CI-A 035,FP27,4,SN122498/0032,9,30201210004662,A,0x7e,0x10,-z up right 3,4,-z up right 2,2,11,blue-1,25/26,2,b,1302,bottom,,9,1,1,1c2,
FPix_BmO_D1_BLD4_PNL1_RNG2,,14B,M-Q-6-23,4116W,5,1Bd,1BA,7,PR056,,PB-31,J11,1,,,CI-A 033,PP8,4,SN122498/0032,9,30201210004662,B,0x7d,0x10,-z up right 3,4,-z up right 2,2,11,green-3,29/30,2,b,1302,bottom,,9,1,2,1d2,
FPix_BmO_D1_BLD3_PNL1_RNG2,,15B,M-Q-2-04,4107W,4,1Bd,1BA,5,PR056,,PB-31,J11,1,,,CI-A 033,PP8,3,SN122498/0033,9,30201210004662,B,0x7d,0x10,-z up right 3,3,-z up right 2,2,12,green-3,5/6,2,t,1302,bottom,,9,1,2,1d2,
FPix_BmO_D1_BLD2_PNL1_RNG2,,16B,M-L-4-41,4115W,3,1Bd,1BA,3,PR056,,PB-31,J11,1,,,CI-A 033,PP8,2,SN122498/0049,9,30201210004662,B,0x7d,0x10,-z up right 3,2,-z up right 2,2,13,green-3,29/30,1,b,1301,bottom,,9,1,2,1d2,
FPix_BmO_D1_BLD1_PNL1_RNG2,,17B,M-Q-7-33,4378,2,1Bd,1BA,1,PR056,,PB-31,J11,1,,,CI-A 033,PP8,1,SN122498/0055,9,30201210004662,B,0x7d,0x10,-z up right 3,1,-z up right 2,2,14,green-3,5/6,1,t,1301,bottom,,9,1,2,1d2,
FPix_BmO_D2_BLD11_PNL2_RNG1,HC2-Disk2-Inner,1T,M-M-3-20,7011,15,2Ta,2TD,6,PR155,,PB-18,J12,4,,,CI-A 024,P54,22,SN133278/0001,14,30201210004683,A,0x7b,0x11,-z down right 3,1,-z down right 2,3,1,black-8,39/40,7,b,1307,bottom,,10,2,1,2a1,
FPix_BmO_D2_BLD10_PNL2_RNG1,,2T,M-L-2-50,7001,14,2Ta,2TD,4,PR155,,PB-18,J12,4,,,CI-A 024,P54,21,SN133278/0002,14,30201210004683,A,0x7b,0x11,-z down right 3,2,-z down right 2,3,2,black-8,15/16,7,t,1307,bottom,,10,2,1,2a1,
FPix_BmO_D2_BLD9_PNL2_RNG1,,3T,M-Y-J-NJ,7003,0,2Ta,2TD,2,PR155,,PB-18,J12,4,,,CI-A 024,P54,20,SN133278/0003,14,30201210004683,A,0x7b,0x11,-z down right 3,3,-z down right 2,3,3,black-8,39/40,6,b,1306,bottom,,10,2,1,2a1,
FPix_BmO_D2_BLD8_PNL2_RNG1,,4T,M-Y-I-NB,7004,15,2Tb,2TC,6,PR122,,PB-5,J12,4,,,CI-A 020,P113,18,SN133278/0005,14,30201210004683,B,0x7c,0x11,-z down right 4,1,-z down right 2,3,5,white-6,35/36,5,b,1305,bottom,,10,2,2,2b1,
FPix_BmO_D2_BLD7_PNL2_RNG1,,5T,M-Y-M-NC,7015,14,2Tb,2TC,2,PR122,,PB-5,J12,4,,,CI-A 020,P113,16,SN133278/0007,14,30201210004683,B,0x7c,0x11,-z down right 4,3,-z down right 2,3,7,white-6,35/36,4,b,1304,bottom,,10,2,2,2b1,
FPix_BmO_D2_BLD6_PNL2_RNG1,,6T,M-Y-K-NJ,7014,15,2Tc,2TB,6,PR150,,PB-39,J12,4,,,CI-A 057,P52,11,SN133278/0008,8,30201210004681,A,0x7e,0x11,-z up right 4,3,-z up right 2,3,8,black-8,15/16,4,t,1304,bottom,,9,2,1,2c1,
FPix_BmO_D2_BLD5_PNL2_RNG1,,7T,M-M-1-50,7018,14,2Tc,2TB,4,PR150,,PB-39,J12,4,,,CI-A 057,P52,10,SN133278/0009,8,30201210004681,A,0x7e,0x11,-z up right 4,2,-z up right 2,3,9,black-8,39/40,3,b,1303,bottom,,9,2,1,2c1,
FPix_BmO_D2_BLD4_PNL2_RNG1,,8T,M-N-3-03,7009,13,2Tc,2TB,2,PR150,,PB-39,J12,4,,,CI-A 057,P52,5,SN133278/0010,8,30201210004681,A,0x7e,0x11,-z up right 4,1,-z up right 2,3,10,black-8,15/16,3,t,1303,bottom,,9,2,1,2c1,
FPix_BmO_D2_BLD3_PNL2_RNG1,,9T,M-Y-Q-NC,6018,15,2Td,2TA,6,PR158,,PB-28,J12,4,,,CI-A 002,P112,3,SN122498/0033,8,30201210004681,B,0x7d,0x11,-z up right 3,3,-z up right 2,3,12,white-6,11/12,2,t,1302,bottom,,9,2,2,2d1,
FPix_BmO_D2_BLD2_PNL2_RNG1,,10T,M-M-1-04,6006,14,2Td,2TA,4,PR158,,PB-28,J12,4,,,CI-A 002,P112,2,SN122498/0049,8,30201210004681,B,0x7d,0x11,-z up right 3,2,-z up right 2,3,13,white-6,35/36,1,b,1301,bottom,,9,2,2,2d1,
FPix_BmO_D2_BLD1_PNL2_RNG1,,11T,M-Y-G-NU,7023,13,2Td,2TA,2,PR158,,PB-28,J12,4,,,CI-A 002,P112,1,SN122498/0055,8,30201210004681,B,0x7d,0x11,-z up right 3,1,-z up right 2,3,14,white-6,11/12,1,t,1301,bottom,,9,2,2,2d1,
FPix_BmO_D2_BLD11_PNL1_RNG1,,1B,M-N-3-14,7002,12,2Ba,2BD,6,PR055,,PB-18,J11,2,,,CI-A 024,P53,22,SN133278/0001,14,30201210004683,A,0x7b,0x11,-z down right 3,1,-z down right 2,3,1,red-7,37/38,7,b,1307,bottom,,10,2,1,2a1,
FPix_BmO_D2_BLD10_PNL1_RNG1,,2B,M-Y-A-NR,7042,11,2Ba,2BD,4,PR055,,PB-18,J11,2,,,CI-A 024,P53,21,SN133278/0002,14,30201210004683,A,0x7b,0x11,-z down right 3,2,-z down right 2,3,2,red-7,13/14,7,t,1307,bottom,,10,2,1,2a1,
FPix_BmO_D2_BLD9_PNL1_RNG1,,3B,M-N-3-33,7008,10,2Ba,2BD,2,PR055,,PB-18,J11,2,,,CI-A 024,P53,20,SN133278/0003,14,30201210004683,A,0x7b,0x11,-z down right 3,3,-z down right 2,3,3,red-7,37/38,6,b,1306,bottom,,10,2,1,2a1,
FPix_BmO_D2_BLD8_PNL1_RNG1,,4B,M-I-2-25,7016,13,2Bb,2BC,6,PR062,,PB-5,J11,2,,,CI-A 020,P89,18,SN133278/0005,14,30201210004683,B,0x7c,0x11,-z down right 4,1,-z down right 2,3,5,gray-5,33/34,5,b,1305,bottom,,10,2,2,2b1,
FPix_BmO_D2_BLD7_PNL1_RNG1,,5B,M-I-4-04,7012,12,2Bb,2BC,2,PR062,,PB-5,J11,2,,,CI-A 020,P89,16,SN133278/0007,14,30201210004683,B,0x7c,0x11,-z down right 4,3,-z down right 2,3,7,gray-5,33/34,4,b,1304,bottom,,10,2,2,2b1,
FPix_BmO_D2_BLD6_PNL1_RNG1,,6B,M-O-1-11,7013,12,2Bc,2BB,6,PR050,,PB-39,J11,2,,,CI-A 057,P73,11,SN133278/0008,8,30201210004681,A,0x7e,0x11,-z up right 4,3,-z up right 2,3,8,red-7,13/14,4,t,1304,bottom,,9,2,1,2c1,
FPix_BmO_D2_BLD5_PNL1_RNG1,,7B,M-N-1-26,7024,11,2Bc,2BB,4,PR050,,PB-39,J11,2,,,CI-A 057,P73,10,SN133278/0009,8,30201210004681,A,0x7e,0x11,-z up right 4,2,-z up right 2,3,9,red-7,37/38,3,b,1303,bottom,,9,2,1,2c1,
FPix_BmO_D2_BLD4_PNL1_RNG1,,8B,M-Y-F-NC,7010,10,2Bc,2BB,2,PR050,,PB-39,J11,2,,,CI-A 057,P73,5,SN133278/0010,8,30201210004681,A,0x7e,0x11,-z up right 4,1,-z up right 2,3,10,red-7,13/14,3,t,1303,bottom,,9,2,1,2c1,
FPix_BmO_D2_BLD3_PNL1_RNG1,,9B,M-O-1-23,7037,12,2Bd,2BA,6,PR058,,PB-28,J11,2,,,CI-A 002,P51,3,SN122498/0033,8,30201210004681,B,0x7d,0x11,-z up right 3,3,-z up right 2,3,12,gray-5,9/10,2,t,1302,bottom,,9,2,2,2d1,
FPix_BmO_D2_BLD2_PNL1_RNG1,,10B,M-Y-T-NL,7021,11,2Bd,2BA,4,PR058,,PB-28,J11,2,,,CI-A 002,P51,2,SN122498/0049,8,30201210004681,B,0x7d,0x11,-z up right 3,2,-z up right 2,3,13,gray-5,33/34,1,b,1301,bottom,,9,2,2,2d1,
FPix_BmO_D2_BLD1_PNL1_RNG1,,11B,M-Y-M-NR,7095,10,2Bd,2BA,2,PR058,,PB-28,J11,2,,,CI-A 002,P51,1,SN122498/0055,8,30201210004681,B,0x7d,0x11,-z up right 3,1,-z up right 2,3,14,gray-5,9/10,1,t,1301,bottom,,9,2,2,2d1,
FPix_BmO_D2_BLD17_PNL2_RNG2,HC2-Disk2-Outer,1T,M-Q-2-18,6134,9,2Ta,2TD,7,PR155,,PB-18,J12,3,,,CI-A 024,P54,22,SN133278/0001,14,30201210004683,A,0x7b,0x11,-z down right 3,1,-z down right 2,3,1,white-6,35/36,7,b,1307,bottom,,10,2,1,2a2,
FPix_BmO_D2_BLD16_PNL2_RNG2,,2T,M-O-2-44,6140,8,2Ta,2TD,5,PR155,,PB-18,J12,3,,,CI-A 024,P54,21,SN133278/0002,14,30201210004683,A,0x7b,0x11,-z down right 3,2,-z down right 2,3,2,white-6,11/12,7,t,1307,bottom,,10,2,1,2a2,
FPix_BmO_D2_BLD15_PNL2_RNG2,,3T,M-Q-A-17,6127,7,2Ta,2TD,3,PR155,,PB-18,J12,3,,,CI-A 024,P54,20,SN133278/0003,14,30201210004683,A,0x7b,0x11,-z down right 3,3,-z down right 2,3,3,white-6,35/36,6,b,1306,bottom,,10,2,1,2a2,
FPix_BmO_D2_BLD14_PNL2_RNG2,,4T,M-Q-2-21,6162,6,2Ta,2TD,1,PR155,,PB-18,J12,3,,,CI-A 024,P54,19,SN133278/0004,14,30201210004683,A,0x7b,0x11,-z down right 3,4,-z down right 2,3,4,white-6,11/12,6,t,1306,bottom,,10,2,1,2a2,
FPix_BmO_D2_BLD13_PNL2_RNG2,,5T,M-Q-1-29,6136,11,2Tb,2TC,7,PR122,,PB-5,J12,3,,,CI-A 020,P113,19,SN133278/0004,14,30201210004683,B,0x7c,0x11,-z down right 3,4,-z down right 2,3,4,black-8,15/16,6,t,1306,bottom,,10,2,2,2b2,
FPix_BmO_D2_BLD12_PNL2_RNG2,,6T,M-Q-1-20,6143,10,2Tb,2TC,5,PR122,,PB-5,J12,3,,,CI-A 020,P113,18,SN133278/0005,14,30201210004683,B,0x7c,0x11,-z down right 4,1,-z down right 2,3,5,black-8,39/40,5,b,1305,bottom,,10,2,2,2b2,
FPix_BmO_D2_BLD11_PNL2_RNG2,,7T,M-Q-2-14,6129,9,2Tb,2TC,4,PR122,,PB-5,J12,4,,,CI-A 020,P113,17,SN133278/0006,14,30201210004683,B,0x7c,0x11,-z down right 4,2,-z down right 2,3,6,white-6,11/12,5,t,1305,bottom,,10,2,2,2b2,
FPix_BmO_D2_BLD10_PNL2_RNG2,,8T,M-Y-N-NZ,6060,8,2Tb,2TC,3,PR122,,PB-5,J12,3,,,CI-A 020,P113,17,SN133278/0006,14,30201210004683,B,0x7c,0x11,-z down right 4,2,-z down right 2,3,6,black-8,15/16,5,t,1305,bottom,,10,2,2,2b2,
FPix_BmO_D2_BLD9_PNL2_RNG2,,9T,M-Q-5-04,6221,7,2Tb,2TC,1,PR122,,PB-5,J12,3,,,CI-A 020,P113,16,SN133278/0007,14,30201210004683,B,0x7c,0x11,-z down right 4,3,-z down right 2,3,7,black-8,39/40,4,b,1304,bottom,,10,2,2,2b2,
FPix_BmO_D2_BLD8_PNL2_RNG2,,10T,M-Q-3-08,6168,9,2Tc,2TB,7,PR150,,PB-39,J12,3,,,CI-A 057,P52,11,SN133278/0008,8,30201210004681,A,0x7e,0x11,-z up right 4,3,-z up right 2,3,8,white-6,11/12,4,t,1304,bottom,,9,2,1,2c2,
FPix_BmO_D2_BLD7_PNL2_RNG2,,11T,M-Q-A-10,6180,8,2Tc,2TB,5,PR150,,PB-39,J12,3,,,CI-A 057,P52,10,SN133278/0009,8,30201210004681,A,0x7e,0x11,-z up right 4,2,-z up right 2,3,9,white-6,35/36,3,b,1303,bottom,,9,2,1,2c2,
FPix_BmO_D2_BLD6_PNL2_RNG2,,12T,M-Q-8-07,6178,7,2Tc,2TB,3,PR150,,PB-39,J12,3,,,CI-A 057,P52,5,SN133278/0010,8,30201210004681,A,0x7e,0x11,-z up right 4,1,-z up right 2,3,10,white-6,11/12,3,t,1303,bottom,,9,2,1,2c2,
FPix_BmO_D2_BLD5_PNL2_RNG2,,13T,M-Q-5-20,6185,6,2Tc,2TB,1,PR150,,PB-39,J12,3,,,CI-A 057,P52,4,SN122498/0032,8,30201210004681,A,0x7e,0x11,-z up right 3,4,-z up right 2,3,11,white-6,35/36,2,b,1302,bottom,,9,2,1,2c2,
FPix_BmO_D2_BLD4_PNL2_RNG2,,14T,M-Q-4-41,6187,9,2Td,2TA,7,PR158,,PB-28,J12,3,,,CI-A 002,P112,4,SN122498/0032,8,30201210004681,B,0x7d,0x11,-z up right 3,4,-z up right 2,3,11,black-8,39/40,2,b,1302,bottom,,9,2,2,2d2,
FPix_BmO_D2_BLD3_PNL2_RNG2,,15T,M-Q-1-32,6197,8,2Td,2TA,5,PR158,,PB-28,J12,3,,,CI-A 002,P112,3,SN122498/0033,8,30201210004681,B,0x7d,0x11,-z up right 3,3,-z up right 2,3,12,black-8,15/16,2,t,1302,bottom,,9,2,2,2d2,
FPix_BmO_D2_BLD2_PNL2_RNG2,,16T,M-Q-5-36,6194,7,2Td,2TA,3,PR158,,PB-28,J12,3,,,CI-A 002,P112,2,SN122498/0049,8,30201210004681,B,0x7d,0x11,-z up right 3,2,-z up right 2,3,13,black-8,39/40,1,b,1301,bottom,,9,2,2,2d2,
FPix_BmO_D2_BLD1_PNL2_RNG2,,17T,M-Q-7-10,6190,6,2Td,2TA,1,PR158,,PB-28,J12,3,,,CI-A 002,P112,1,SN122498/0055,8,30201210004681,B,0x7d,0x11,-z up right 3,1,-z up right 2,3,14,black-8,15/16,1,t,1301,bottom,,9,2,2,2d2,
FPix_BmO_D2_BLD17_PNL1_RNG2,,1B,M-Q-2-38,6147,5,2Ba,2BD,7,PR055,,PB-18,J11,1,,,CI-A 024,P53,22,SN133278/0001,14,30201210004683,A,0x7b,0x11,-z down right 3,1,-z down right 2,3,1,gray-5,33/34,7,b,1307,bottom,,10,2,1,2a2,
FPix_BmO_D2_BLD16_PNL1_RNG2,,2B,M-Q-9-14,6142,4,2Ba,2BD,5,PR055,,PB-18,J11,1,,,CI-A 024,P53,21,SN133278/0002,14,30201210004683,A,0x7b,0x11,-z down right 3,2,-z down right 2,3,2,gray-5,9/10,7,t,1307,bottom,,10,2,1,2a2,
FPix_BmO_D2_BLD15_PNL1_RNG2,,3B,M-Q-5-18,6137,3,2Ba,2BD,3,PR055,,PB-18,J11,1,,,CI-A 024,P53,20,SN133278/0003,14,30201210004683,A,0x7b,0x11,-z down right 3,3,-z down right 2,3,3,gray-5,33/34,6,b,1306,bottom,,10,2,1,2a2,
FPix_BmO_D2_BLD14_PNL1_RNG2,,4B,M-Q-7-02,6150,2,2Ba,2BD,1,PR055,,PB-18,J11,1,,,CI-A 024,P53,19,SN133278/0004,14,30201210004683,A,0x7b,0x11,-z down right 3,4,-z down right 2,3,4,gray-5,9/10,6,t,1306,bottom,,10,2,1,2a2,
FPix_BmO_D2_BLD13_PNL1_RNG2,,5B,M-Q-2-42,6182,6,2Bb,2BC,7,PR062,,PB-5,J11,1,,,CI-A 020,P89,19,SN133278/0004,14,30201210004683,B,0x7c,0x11,-z down right 3,4,-z down right 2,3,4,red-7,13/14,6,t,1306,bottom,,10,2,2,2b2,
FPix_BmO_D2_BLD12_PNL1_RNG2,,6B,M-Q-2-46,6225,5,2Bb,2BC,5,PR062,,PB-5,J11,1,,,CI-A 020,P89,18,SN133278/0005,14,30201210004683,B,0x7c,0x11,-z down right 4,1,-z down right 2,3,5,red-7,37/38,5,b,1305,bottom,,10,2,2,2b2,
FPix_BmO_D2_BLD11_PNL1_RNG2,,7B,M-Q-7-46,6206,4,2Bb,2BC,4,PR062,,PB-5,J11,2,,,CI-A 020,P89,17,SN133278/0006,14,30201210004683,B,0x7c,0x11,-z down right 4,2,-z down right 2,3,6,gray-5,9/10,5,t,1305,bottom,,10,2,2,2b2,
FPix_BmO_D2_BLD10_PNL1_RNG2,,8B,M-Q-8-05,6205,3,2Bb,2BC,3,PR062,,PB-5,J11,1,,,CI-A 020,P89,17,SN133278/0006,14,30201210004683,B,0x7c,0x11,-z down right 4,2,-z down right 2,3,6,red-7,13/14,5,t,1305,bottom,,10,2,2,2b2,
FPix_BmO_D2_BLD9_PNL1_RNG2,,9B,M-Q-2-34,6213,2,2Bb,2BC,1,PR062,,PB-5,J11,1,,,CI-A 020,P89,16,SN133278/0007,14,30201210004683,B,0x7c,0x11,-z down right 4,3,-z down right 2,3,7,red-7,37/38,4,b,1304,bottom,,10,2,2,2b2,
FPix_BmO_D2_BLD8_PNL1_RNG2,,10B,M-Q-1-12,6204,5,2Bc,2BB,7,PR050,,PB-39,J11,1,,,CI-A 057,P73,11,SN133278/0008,8,30201210004681,A,0x7e,0x11,-z up right 4,3,-z up right 2,3,8,gray-5,9/10,4,t,1304,bottom,,9,2,1,2c2,
FPix_BmO_D2_BLD7_PNL1_RNG2,,11B,M-Q-3-06,6216,4,2Bc,2BB,5,PR050,,PB-39,J11,1,,,CI-A 057,P73,10,SN133278/0009,8,30201210004681,A,0x7e,0x11,-z up right 4,2,-z up right 2,3,9,gray-5,33/34,3,b,1303,bottom,,9,2,1,2c2,
FPix_BmO_D2_BLD6_PNL1_RNG2,,12B,M-Q-5-11,6212,3,2Bc,2BB,3,PR050,,PB-39,J11,1,,,CI-A 057,P73,5,SN133278/0010,8,30201210004681,A,0x7e,0x11,-z up right 4,1,-z up right 2,3,10,gray-5,9/10,3,t,1303,bottom,,9,2,1,2c2,
FPix_BmO_D2_BLD5_PNL1_RNG2,,13B,M-Q-8-39,6217,2,2Bc,2BB,1,PR050,,PB-39,J11,1,,,CI-A 057,P73,4,SN122498/0032,8,30201210004681,A,0x7e,0x11,-z up right 3,4,-z up right 2,3,11,gray-5,33/34,2,b,1302,bottom,,9,2,1,2c2,
FPix_BmO_D2_BLD4_PNL1_RNG2,,14B,M-Q-1-03,6053,5,2Bd,2BA,7,PR058,,PB-28,J11,1,,,CI-A 002,P51,4,SN122498/0032,8,30201210004681,B,0x7d,0x11,-z up right 3,4,-z up right 2,3,11,red-7,37/38,2,b,1302,bottom,,9,2,2,2d2,
FPix_BmO_D2_BLD3_PNL1_RNG2,,15B,M-Q-6-48,6081,4,2Bd,2BA,5,PR058,,PB-28,J11,1,,,CI-A 002,P51,3,SN122498/0033,8,30201210004681,B,0x7d,0x11,-z up right 3,3,-z up right 2,3,12,red-7,13/14,2,t,1302,bottom,,9,2,2,2d2,
FPix_BmO_D2_BLD2_PNL1_RNG2,,16B,M-Q-9-39,6069,3,2Bd,2BA,3,PR058,,PB-28,J11,1,,,CI-A 002,P51,2,SN122498/0049,8,30201210004681,B,0x7d,0x11,-z up right 3,2,-z up right 2,3,13,red-7,37/38,1,b,1301,bottom,,9,2,2,2d2,
FPix_BmO_D2_BLD1_PNL1_RNG2,,17B,M-Q-9-13,6113,2,2Bd,2BA,1,PR058,,PB-28,J11,1,,,CI-A 002,P51,1,SN122498/0055,8,30201210004681,B,0x7d,0x11,-z up right 3,1,-z up right 2,3,14,red-7,13/14,1,t,1301,bottom,,9,2,2,2d2,
FPix_BmO_D3_BLD11_PNL2_RNG1,HC2-Disk3-Inner,1T,M-Q-4-27,6063,15,3Ta,3TD,6,PR154,,PB-24,J12,4,,,CI-A 031,FP15,22,SN133278/0001,13,30201210004638,A,0x7b,0x12,-z down right 3,1,-z down right 2,4,1,turquoise-12,47/48,7,b,1307,bottom,,9,4,1,3a1,-300V
FPix_BmO_D3_BLD10_PNL2_RNG1,,2T,M-Q-6-36,4118B,14,3Ta,3TD,4,PR154,,PB-24,J12,4,,,CI-A 031,FP15,21,SN133278/0002,13,30201210004638,A,0x7b,0x12,-z down right 3,2,-z down right 2,4,2,turquoise-12,23/24,7,t,1307,bottom,,9,4,1,3a1,-300V
FPix_BmO_D3_BLD9_PNL2_RNG1,,3T,M-Q-9-20,4116B,13,3Ta,3TD,2,PR154,,PB-24,J12,4,,,CI-A 031,FP15,20,SN133278/0003,13,30201210004638,A,0x7b,0x12,-z down right 3,3,-z down right 2,4,3,turquoise-12,47/48,6,b,1306,bottom,,9,4,1,3a1,-300V
FPix_BmO_D3_BLD8_PNL2_RNG1,,4T,M-Q-A-15,4103W,15,3Tb,3TC,6,PR160,,PB-13,J12,4,,,CI-A 051,FP13,18,SN133278/0005,13,30201210004638,B,0x7c,0x12,-z down right 4,1,-z down right 2,4,5,violet-10,43/44,5,b,1305,bottom,,9,4,2,3b1,
FPix_BmO_D3_BLD7_PNL2_RNG1,,5T,M-Q-9-26,4104B,14,3Tb,3TC,2,PR160,,PB-13,J12,4,,,CI-A 051,FP13,16,SN133278/0007,13,30201210004638,B,0x7c,0x12,-z down right 4,3,-z down right 2,4,7,violet-10,43/44,4,b,1304,bottom,,9,4,2,3b1,
FPix_BmO_D3_BLD6_PNL2_RNG1,,6T,M-P-1-31,4069,15,3Tc,3TB,6,PR161,,PB-49,J12,4,,,CI-A 025,P66,11,SN133278/0008,7,30201210004612,A,0x7e,0x12,-z up right 4,3,-z up right 2,4,8,turquoise-12,23/24,4,t,1304,bottom,,9,3,1,3c1,
FPix_BmO_D3_BLD5_PNL2_RNG1,,7T,M-Q-6-34,4101B,14,3Tc,3TB,4,PR161,,PB-49,J12,4,,,CI-A 025,P66,10,SN133278/0009,7,30201210004612,A,0x7e,0x12,-z up right 4,2,-z up right 2,4,9,turquoise-12,47/48,3,b,1303,bottom,,9,3,1,3c1,
FPix_BmO_D3_BLD4_PNL2_RNG1,,8T,M-P-3-28,4105B,13,3Tc,3TB,2,PR161,,PB-49,J12,4,,,CI-A 025,P66,5,SN133278/0010,7,30201210004612,A,0x7e,0x12,-z up right 4,1,-z up right 2,4,10,turquoise-12,23/24,3,t,1303,bottom,,9,3,1,3c1,
FPix_BmO_D3_BLD3_PNL2_RNG1,,9T,M-Q-8-08,4119B,15,3Td,3TA,6,PR159,,PB-37,J12,4,,,CI-A 034,P72,3,SN122498/0033,7,30201210004612,B,0x7d,0x12,-z up right 3,3,-z up right 2,4,12,violet-10,19/20,2,t,1302,bottom,,9,3,2,3d1,-300V
FPix_BmO_D3_BLD2_PNL2_RNG1,,10T,M-P-6-01,4117B,14,3Td,3TA,4,PR159,,PB-37,J12,4,,,CI-A 034,P72,2,SN122498/0049,7,30201210004612,B,0x7d,0x12,-z up right 3,2,-z up right 2,4,13,violet-10,43/44,1,b,1301,bottom,,9,3,2,3d1,-300V
FPix_BmO_D3_BLD1_PNL2_RNG1,,11T,M-P-5-47,4109B,13,3Td,3TA,2,PR159,,PB-37,J12,4,,,CI-A 034,P72,1,SN122498/0055,7,30201210004612,B,0x7d,0x12,-z up right 3,1,-z up right 2,4,14,violet-10,19/20,1,t,1301,bottom,,9,3,2,3d1,-300V
FPix_BmO_D3_BLD11_PNL1_RNG1,,1B,M-Q-6-04,4111B,10,3Ba,3BD,6,PR054,,PB-24,J11,2,,,CI-A 031,P111,22,SN133278/0001,13,30201210004638,A,0x7b,0x12,-z down right 3,1,-z down right 2,4,1,pink-11,45/46,7,b,1307,bottom,,9,4,1,3a1,-300V
FPix_BmO_D3_BLD10_PNL1_RNG1,,2B,M-Q-5-14,4114B,11,3Ba,3BD,4,PR054,,PB-24,J11,2,,,CI-A 031,P111,21,SN133278/0002,13,30201210004638,A,0x7b,0x12,-z down right 3,2,-z down right 2,4,2,pink-11,21/22,7,t,1307,bottom,,9,4,1,3a1,-300V
FPix_BmO_D3_BLD9_PNL1_RNG1,,3B,M-Q-1-04,4097B,12,3Ba,3BD,2,PR054,,PB-24,J11,2,,,CI-A 031,P111,20,SN133278/0003,13,30201210004638,A,0x7b,0x12,-z down right 3,3,-z down right 2,4,3,pink-11,45/46,6,b,1306,bottom,,9,4,1,3a1,-300V
FPix_BmO_D3_BLD8_PNL1_RNG1,,4B,M-P-2-20,6146,10,3Bb,3BC,6,PR060,,PB-13,J11,2,,,CI-A 051,P114,18,SN133278/0005,13,30201210004638,B,0x7c,0x12,-z down right 4,1,-z down right 2,4,5,yellow-9,41/42,5,b,1305,bottom,,9,4,2,3b1,
FPix_BmO_D3_BLD7_PNL1_RNG1,,5B,M-Q-5-17,4104W,11,3Bb,3BC,2,PR060,,PB-13,J11,2,,,CI-A 051,P114,16,SN133278/0007,13,30201210004638,B,0x7c,0x12,-z down right 4,3,-z down right 2,4,7,yellow-9,41/42,4,b,1304,bottom,,9,4,2,3b1,
FPix_BmO_D3_BLD6_PNL1_RNG1,,6B,M-Q-3-34,4106B,0,3Bc,3BB,6,PR061,,PB-49,J11,2,,,CI-A 025,FP14,11,SN133278/0008,7,30201210004612,A,0x7e,0x12,-z up right 4,3,-z up right 2,4,8,pink-11,21/22,4,t,1304,bottom,,9,3,1,3c1,
FPix_BmO_D3_BLD5_PNL1_RNG1,,7B,M-P-2-41,4107B,12,3Bc,3BB,4,PR061,,PB-49,J11,2,,,CI-A 025,FP14,10,SN133278/0009,7,30201210004612,A,0x7e,0x12,-z up right 4,2,-z up right 2,4,9,pink-11,45/46,3,b,1303,bottom,,9,3,1,3c1,
FPix_BmO_D3_BLD4_PNL1_RNG1,,8B,M-Q-9-46,4102B,1,3Bc,3BB,2,PR061,,PB-49,J11,2,,,CI-A 025,FP14,5,SN133278/0010,7,30201210004612,A,0x7e,0x12,-z up right 4,1,-z up right 2,4,10,pink-11,21/22,3,t,1303,bottom,,9,3,1,3c1,
FPix_BmO_D3_BLD3_PNL1_RNG1,,9B,M-Q-8-48,4108B,10,3Bd,3BA,6,PR059,,PB-37,J11,2,,,CI-A 034,FP12,3,SN122498/0033,7,30201210004612,B,0x7d,0x12,-z up right 3,3,-z up right 2,4,12,yellow-9,17/18,2,t,1302,bottom,,9,3,2,3d1,-300V
FPix_BmO_D3_BLD2_PNL1_RNG1,,10B,M-Q-9-08,4110B,11,3Bd,3BA,4,PR059,,PB-37,J11,2,,,CI-A 034,FP12,2,SN122498/0049,7,30201210004612,B,0x7d,0x12,-z up right 3,2,-z up right 2,4,13,yellow-9,41/42,1,b,1301,bottom,,9,3,2,3d1,-300V
FPix_BmO_D3_BLD1_PNL1_RNG1,,11B,M-Q-4-19,4115B,12,3Bd,3BA,2,PR059,,PB-37,J11,2,,,CI-A 034,FP12,1,SN122498/0055,7,30201210004612,B,0x7d,0x12,-z up right 3,1,-z up right 2,4,14,yellow-9,17/18,1,t,1301,bottom,,9,3,2,3d1,-300V
FPix_BmO_D3_BLD17_PNL2_RNG2,HC2-Disk3-Outer,1T,M-I-4-28,8019,9,3Ta,3TD,7,PR154,,PB-24,J12,3,,,CI-A 031,FP15,22,SN133278/0001,13,30201210004638,A,0x7b,0x12,-z down right 3,1,-z down right 2,4,1,violet-10,43/44,7,b,1307,bottom,,9,4,1,3a2,
FPix_BmO_D3_BLD16_PNL2_RNG2,,2T,M-K-1-50,8001,8,3Ta,3TD,5,PR154,,PB-24,J12,3,,,CI-A 031,FP15,21,SN133278/0002,13,30201210004638,A,0x7b,0x12,-z down right 3,2,-z down right 2,4,2,violet-10,19/20,7,t,1307,bottom,,9,4,1,3a2,
FPix_BmO_D3_BLD15_PNL2_RNG2,,3T,M-K-2-04,8041,7,3Ta,3TD,3,PR154,,PB-24,J12,3,,,CI-A 031,FP15,20,SN133278/0003,13,30201210004638,A,0x7b,0x12,-z down right 3,3,-z down right 2,4,3,violet-10,43/44,6,b,1306,bottom,,9,4,1,3a2,
FPix_BmO_D3_BLD14_PNL2_RNG2,,4T,M-K-2-05,9074,6,3Ta,3TD,1,PR154,,PB-24,J12,3,,,CI-A 031,FP15,19,SN133278/0004,13,30201210004638,A,0x7b,0x12,-z down right 3,4,-z down right 2,4,4,violet-10,19/20,6,t,1306,bottom,,9,4,1,3a2,
FPix_BmO_D3_BLD13_PNL2_RNG2,,5T,M-L-4-40,8064,13,3Tb,3TC,7,PR160,,PB-13,J12,3,,,CI-A 051,FP13,19,SN133278/0004,13,30201210004638,B,0x7c,0x12,-z down right 3,4,-z down right 2,4,4,turquoise-12,23/24,6,t,1306,bottom,,9,4,2,3b2,
FPix_BmO_D3_BLD12_PNL2_RNG2,,6T,M-L-4-43,8052,12,3Tb,3TC,5,PR160,,PB-13,J12,3,,,CI-A 051,FP13,18,SN133278/0005,13,30201210004638,B,0x7c,0x12,-z down right 4,1,-z down right 2,4,5,turquoise-12,47/48,5,b,1305,bottom,,9,4,2,3b2,
FPix_BmO_D3_BLD11_PNL2_RNG2,,7T,M-K-2-28,8066,9,3Tb,3TC,4,PR160,,PB-13,J12,4,,,CI-A 051,FP13,17,SN133278/0006,13,30201210004638,B,0x7c,0x12,-z down right 4,2,-z down right 2,4,6,violet-10,19/20,5,t,1305,bottom,,9,4,2,3b2,
FPix_BmO_D3_BLD10_PNL2_RNG2,,8T,M-K-2-45,8012,8,3Tb,3TC,3,PR160,,PB-13,J12,3,,,CI-A 051,FP13,17,SN133278/0006,13,30201210004638,B,0x7c,0x12,-z down right 4,2,-z down right 2,4,6,turquoise-12,23/24,5,t,1305,bottom,,9,4,2,3b2,
FPix_BmO_D3_BLD9_PNL2_RNG2,,9T,M-K-2-46,8020,7,3Tb,3TC,1,PR160,,PB-13,J12,3,,,CI-A 051,FP13,16,SN133278/0007,13,30201210004638,B,0x7c,0x12,-z down right 4,3,-z down right 2,4,7,turquoise-12,47/48,4,b,1304,bottom,,9,4,2,3b2,
FPix_BmO_D3_BLD8_PNL2_RNG2,,10T,M-K-2-48,8006,9,3Tc,3TB,7,PR161,,PB-49,J12,3,,,CI-A 025,P66,11,SN133278/0008,7,30201210004612,A,0x7e,0x12,-z up right 4,3,-z up right 2,4,8,violet-10,19/20,4,t,1304,bottom,,9,3,1,3c2,
FPix_BmO_D3_BLD7_PNL2_RNG2,,11T,M-K-2-49,8007,8,3Tc,3TB,5,PR161,,PB-49,J12,3,,,CI-A 025,P66,10,SN133278/0009,7,30201210004612,A,0x7e,0x12,-z up right 4,2,-z up right 2,4,9,violet-10,43/44,3,b,1303,bottom,,9,3,1,3c2,
FPix_BmO_D3_BLD6_PNL2_RNG2,,12T,M-K-2-50,9028,7,3Tc,3TB,3,PR161,,PB-49,J12,3,,,CI-A 025,P66,5,SN133278/0010,7,30201210004612,A,0x7e,0x12,-z up right 4,1,-z up right 2,4,10,violet-10,19/20,3,t,1303,bottom,,9,3,1,3c2,
FPix_BmO_D3_BLD5_PNL2_RNG2,,13T,M-K-3-01,8027,6,3Tc,3TB,1,PR161,,PB-49,J12,3,,,CI-A 025,P66,4,SN122498/0032,7,30201210004612,A,0x7e,0x12,-z up right 3,4,-z up right 2,4,11,violet-10,43/44,2,b,1302,bottom,,9,3,1,3c2,
FPix_BmO_D3_BLD4_PNL2_RNG2,,14T,M-K-3-24,8024,9,3Td,3TA,7,PR159,,PB-37,J12,3,,,CI-A 034,P72,4,SN122498/0032,7,30201210004612,B,0x7d,0x12,-z up right 3,4,-z up right 2,4,11,turquoise-12,47/48,2,b,1302,bottom,,9,3,2,3d2,
FPix_BmO_D3_BLD3_PNL2_RNG2,,15T,M-K-3-29,8018,8,3Td,3TA,5,PR159,,PB-37,J12,3,,,CI-A 034,P72,3,SN122498/0033,7,30201210004612,B,0x7d,0x12,-z up right 3,3,-z up right 2,4,12,turquoise-12,23/24,2,t,1302,bottom,,9,3,2,3d2,
FPix_BmO_D3_BLD2_PNL2_RNG2,,16T,M-L-4-02,8005,7,3Td,3TA,3,PR159,,PB-37,J12,3,,,CI-A 034,P72,2,SN122498/0049,7,30201210004612,B,0x7d,0x12,-z up right 3,2,-z up right 2,4,13,turquoise-12,47/48,1,b,1301,bottom,,9,3,2,3d2,
FPix_BmO_D3_BLD1_PNL2_RNG2,,17T,M-K-3-50,8004,6,3Td,3TA,1,PR159,,PB-37,J12,3,,,CI-A 034,P72,1,SN122498/0055,7,30201210004612,B,0x7d,0x12,-z up right 3,1,-z up right 2,4,14,turquoise-12,23/24,1,t,1301,bottom,,9,3,2,3d2,
FPix_BmO_D3_BLD17_PNL1_RNG2,,1B,M-L-1-08,8025,5,3Ba,3BD,7,PR054,,PB-24,J11,1,,,CI-A 031,P111,22,SN133278/0001,13,30201210004638,A,0x7b,0x12,-z down right 3,1,-z down right 2,4,1,yellow-9,41/42,7,b,1307,bottom,,9,4,1,3a2,
FPix_BmO_D3_BLD16_PNL1_RNG2,,2B,M-L-1-13,9072,4,3Ba,3BD,5,PR054,,PB-24,J11,1,,,CI-A 031,P111,21,SN133278/0002,13,30201210004638,A,0x7b,0x12,-z down right 3,2,-z down right 2,4,2,yellow-9,17/18,7,t,1307,bottom,,9,4,1,3a2,
FPix_BmO_D3_BLD15_PNL1_RNG2,,3B,M-L-1-18,8014,3,3Ba,3BD,3,PR054,,PB-24,J11,1,,,CI-A 031,P111,20,SN133278/0003,13,30201210004638,A,0x7b,0x12,-z down right 3,3,-z down right 2,4,3,yellow-9,41/42,6,b,1306,bottom,,9,4,1,3a2,
FPix_BmO_D3_BLD14_PNL1_RNG2,,4B,M-L-1-23,8061,2,3Ba,3BD,1,PR054,,PB-24,J11,1,,,CI-A 031,P111,19,SN133278/0004,13,30201210004638,A,0x7b,0x12,-z down right 3,4,-z down right 2,4,4,yellow-9,17/18,6,t,1306,bottom,,9,4,1,3a2,
FPix_BmO_D3_BLD13_PNL1_RNG2,,5B,M-L-1-39,8023,6,3Bb,3BC,7,PR060,,PB-13,J11,1,,,CI-A 051,P114,19,SN133278/0004,13,30201210004638,B,0x7c,0x12,-z down right 3,4,-z down right 2,4,4,pink-11,21/22,6,t,1306,bottom,,9,4,2,3b2,
FPix_BmO_D3_BLD12_PNL1_RNG2,,6B,M-L-1-40,8063,5,3Bb,3BC,5,PR060,,PB-13,J11,1,,,CI-A 051,P114,18,SN133278/0005,13,30201210004638,B,0x7c,0x12,-z down right 4,1,-z down right 2,4,5,pink-11,45/46,5,b,1305,bottom,,9,4,2,3b2,
FPix_BmO_D3_BLD11_PNL1_RNG2,,7B,M-L-1-49,9033,4,3Bb,3BC,4,PR060,,PB-13,J11,2,,,CI-A 051,P114,17,SN133278/0006,13,30201210004638,B,0x7c,0x12,-z down right 4,2,-z down right 2,4,6,yellow-9,17/18,5,t,1305,bottom,,9,4,2,3b2,
FPix_BmO_D3_BLD10_PNL1_RNG2,,8B,M-L-2-07,8015,3,3Bb,3BC,3,PR060,,PB-13,J11,1,,,CI-A 051,P114,17,SN133278/0006,13,30201210004638,B,0x7c,0x12,-z down right 4,2,-z down right 2,4,6,pink-11,21/22,5,t,1305,bottom,,9,4,2,3b2,
FPix_BmO_D3_BLD9_PNL1_RNG2,,9B,M-L-2-22,8016,2,3Bb,3BC,1,PR060,,PB-13,J11,1,,,CI-A 051,P114,16,SN133278/0007,13,30201210004638,B,0x7c,0x12,-z down right 4,3,-z down right 2,4,7,pink-11,45/46,4,b,1304,bottom,,9,4,2,3b2,
FPix_BmO_D3_BLD8_PNL1_RNG2,,10B,M-L-2-34,9075,5,3Bc,3BB,7,PR061,,PB-49,J11,1,,,CI-A 025,FP14,11,SN133278/0008,7,30201210004612,A,0x7e,0x12,-z up right 4,3,-z up right 2,4,8,yellow-9,17/18,4,t,1304,bottom,,9,3,1,3c2,
FPix_BmO_D3_BLD7_PNL1_RNG2,,11B,M-L-2-42,8017,4,3Bc,3BB,5,PR061,,PB-49,J11,1,,,CI-A 025,FP14,10,SN133278/0009,7,30201210004612,A,0x7e,0x12,-z up right 4,2,-z up right 2,4,9,yellow-9,41/42,3,b,1303,bottom,,9,3,1,3c2,
FPix_BmO_D3_BLD6_PNL1_RNG2,,12B,M-L-2-43,8022,3,3Bc,3BB,3,PR061,,PB-49,J11,1,,,CI-A 025,FP14,5,SN133278/0010,7,30201210004612,A,0x7e,0x12,-z up right 4,1,-z up right 2,4,10,yellow-9,17/18,3,t,1303,bottom,,9,3,1,3c2,
FPix_BmO_D3_BLD5_PNL1_RNG2,,13B,M-L-2-49,8011,2,3Bc,3BB,1,PR061,,PB-49,J11,1,,,CI-A 025,FP14,4,SN122498/0032,7,30201210004612,A,0x7e,0x12,-z up right 3,4,-z up right 2,4,11,yellow-9,41/42,2,b,1302,bottom,,9,3,1,3c2,
FPix_BmO_D3_BLD4_PNL1_RNG2,,14B,M-L-3-17,8021,5,3Bd,3BA,7,PR059,,PB-37,J11,1,,,CI-A 034,FP12,4,SN122498/0032,7,30201210004612,B,0x7d,0x12,-z up right 3,4,-z up right 2,4,11,pink-11,45/46,2,b,1302,bottom,,9,3,2,3d2,
FPix_BmO_D3_BLD3_PNL1_RNG2,,15B,M-L-3-22,8058,4,3Bd,3BA,5,PR059,,PB-37,J11,1,,,CI-A 034,FP12,3,SN122498/0033,7,30201210004612,B,0x7d,0x12,-z up right 3,3,-z up right 2,4,12,pink-11,21/22,2,t,1302,bottom,,9,3,2,3d2,
FPix_BmO_D3_BLD2_PNL1_RNG2,,16B,M-L-3-26,8055,3,3Bd,3BA,3,PR059,,PB-37,J11,1,,,CI-A 034,FP12,2,SN122498/0049,7,30201210004612,B,0x7d,0x12,-z up right 3,2,-z up right 2,4,13,pink-11,45/46,1,b,1301,bottom,,9,3,2,3d2,
FPix_BmO_D3_BLD1_PNL1_RNG2,,17B,M-L-3-30,9052,2,3Bd,3BA,1,PR059,,PB-37,J11,1,,,CI-A 034,FP12,1,SN122498/0055,7,30201210004612,B,0x7d,0x12,-z up right 3,1,-z up right 2,4,14,pink-11,21/22,1,t,1301,bottom,,9,3,2,3d2,